{"cameraMode":{"drawMode":0,"name":"Shaded","section":"Shading Mode"},"sceneLighting":false,"audioPlay":false,"sceneViewState":{"m_AlwaysRefresh":false,"showFog":true,"showSkybox":false,"showFlares":true,"showImageEffects":true,"showParticleSystems":true,"showVisualEffectGraphs":true,"m_FxEnabled":true},"in2DMode":false,"pivot":{"x":0.018263578414916993,"y":0.07269501686096192,"z":-0.0000015497207641601563},"rotation":{"x":0.29150351881980898,"y":0.008605229668319226,"z":-0.0026223831810057165,"w":0.9565296173095703},"size":0.6100534200668335,"orthographic":false}